Stop Your Stroke <Robertdaddress.com>
New Phone Systems <Ramos@address.com
"Mendiondo Patricia \(ELS-PAR\) \)" <P.Mendiondo@address.comP.Mendiondo@address.comP.Mendiondo>
"Jose Mª Caballe" <"Jose Mª Caballe" <jose@ address.com>>
"Solar Panels" <Home Solar Panels@address.com>
"Compare Roth IRA Plans" <CompareRothIRA Plans@address.com>
"=?utf-8?B?UHJlbWllciDCoENhcmXCoCBCYXRoaW5n?=" <premier care bathing@address.com>
"Globe Life – An Insurance Partner" <coitional@address.com>
Cigna-Senior Insurance <Cigna-Senior Insurance@address.com>
Humana Senior.Choices|Nelle W. <Humana Senior.Choices@address.com>
"National Protection Association" <National Protection Association@address.com>
=?ISO-8859-1?B?QXVy6WxpZQ==?= & Alexandre <mariage@address.com>, "Mendiondo Patricia \(ELS-PAR\) \)" <P.Mendiondo@address.comP.Mendiondo@address.comP.Mendiondo>,=?ISO-8859-1?B?QW5kcuk=?= Klein <klein@address.com>
=?ISO-8859-1?B?QXVy6WxpZQ==?= & Alexandre <mariage@address.com>
=?ISO-8859-1?B?QW5kcuk=?= Klein <klein@address.com>
=?utf-8?q?Micka=C3=ABl_R=C3=A9mond?= <developers@address.com>
=?ISO-8859-1?Q?Andr=E9?= Pirard <PIRARD@address.com>
"=?utf-8?Q?SourceForge=20Resource=20Newsletter?=" <sourceforge@address.com>
test@indev.ca
"test user" <test@address.com>
"CocoaHeads Montréal" <contact@address.com>
"Çingleton" <orders@address.com>
"Næs, Test" <test.nes@address.com>
=?ISO-8859-1?B?QW5kcuk=?= Pfeiffer <ae@address.com>
<clemens>
=?ISO-8859-1?B?QW5kcuk=?= Klein <klein@address.com>
=?ISO-8859-1?B?U3SO6XBoYW5l?= Ayrault <stephane@address.com>
=?ISO-8859-1?B?QXVy6WxpZQ==?= Lecomte <aurelie.lecomte@address.com>
=?ISO-8859-1?B?U3TpcGhhbmU=?= Ayrault <stephane@address.com>
=?ISO-8859-1?B?QXVy6WxpZQ==?= Colucci <aurelie.colucci@address.com>
=?utf-8?q?Micka=C3=ABl_R=C3=A9mond?= <developers@address.com>
=?utf-8?q?Marius_R=C3=B8stad?= <tickets@address.com>
=?ISO-8859-1?B?QW5kcuk=?= Pfeiffer <ae@address.com>
Ina Pohlit <ina@address.com>, Sandy Gillians <sandy@address.com>, Deborah Smythe <deborah@address.com>, Lars Felber <lars@address.com>, Sylvia Schaller <sylvia@address.com>, Eddy Friesch <eddy@address.com>, John Kohr <john@address.com>, Sabine Winkler <sabine@address.com>, <angelika@address.com>, Klaus =?ISO-8859-1?B?TeRobGVrZQ==?= <klaus@address.com>, Uli Kusterer <uli@address.com>, <daniel@address.com>, Holger Hanstein <holger@address.com>, =?UTF-8?B?U3TluLlwaGFuZQ==?= Ayrault <stephane@address.com>, Bjoern Schnell <bjoern@address.com>, Susanne Nowak <susanne@address.com>, Ingrid Stangl <ingrid@address.com>, Clemens =?ISO-8859-1?B?S272cnplcg==?= <clemens@address.com>,Astrid Yingst <astrid@address.com>, Markus Tuerckheim <mt@address.com>, <alexandre@address.com>
=?ISO-8859-1?Q?Keld_J=F8rn_Simonsen?= <keld@address.com>
=?US-ASCII?Q?Keith_Moore?= <moore@address.com>
=?US-ASCII?Q?Kevin_M?= =?US-ASCII?Q?oore?= <kmoore@address.com>
"Zanolle Ellen \(ELS-PHI\)" <E.Zanolle@address.com>
"Wright Kirsteen \(ELS-EDB\)" <Ki.Wright@address.com>
"Wright Judith [ELS]" <J.Wright2@address.com>
"Wright Gail \(ELS-EDB\)" <G.Wright2@address.com>
"Wright Andrew P \(RE-OXF\)" <a.wright@reedaddress.com>
"Wright Andrew P \(ELS-OXF\)" <a.wright@address.com>
"'Wisner David \(ELS-PHI\)'" <D.Wisner@address.com>
"Wilkinson Pauline \(ELS\)" <P.Wilkinson@address.com>
"Wilkins Paula K \(ELS-OXF\)" <P.Wilkins@address.com>
"Wilke Adam L \(ELS-STL\)" <A.Wilke@address.com>
"Wibberly David \(ELS\)" <d.wibberly@address.com>
"Weyman Gregory S \(ELS-PHI\)" <G.Weyman@address.com>
"Westcott Emily R. \(ELS-OXF\)" <e.westcott@address.com>
"Weisser Iris \(ELS-GER\)" <I.Weisser@address.com>
"Watson Alex \(ELS\)" <A.Watson@address.com>
"Warren Philip \(ELS-CAM\)" <P.Warren@address.com>
"Walshaw Kate [ELS]" <K.Walshaw@address.com>
"Wale Tim \(ELSLON\)" <Tim.Wale@address.com>
"Wakeford Tim \(ELS\)" <T.Wakeford@address.com>
"Viswanathan Stalin \(ELS-CHN\)" <S.Viswanathan@address.com>
"Viswam Sruthi \(ELS-CHN\)" <S.Viswam@address.com>
"Vinycomb Claire" <C.Vinycomb@address.com>
"Villa Lucia \(ELS-MIL\)" <L.Villa@address.com>
"Varney Jo-Anne \(RE-OXF\)" <J.Varney@reedaddress.com>
"Varadarajan Jagannathan \(ELS-CHN\)" <J.VARADARAJAN@address.com>
"Van Dijk Renske \(ELS\)" <R.Dijk@address.com>
=?iso-8859-1?Q?Val=E9rie_=28ELS-PAR=29?= <v.jung@address.com>
=?iso-8859-1?Q?Val=E9rie_=28ELS-PAR=29?= <v.berland@address.com>
"Vadivelan Sharmila \(ELS-CHN\)" <S.Vadivelan@address.com>
"Turniak Ilona \(ELS\)" <I.Turniak@address.com>
"Turner Melissa \(ELS-SDG\)" <M.A.Turner@address.com>
"Tucek Mark" <M.Tucek@address.com>
"Tsumi Wharton" <t.wharton@address.com>
"Trish Tannian" <T.tannian@address.com>
"Tranter Debbie \(ELS-OXF\)" <D.Tranter@address.com>
"Tran Nathalie  \(ELS-PAR\)" <N.Tran@address.com>
"Tormene Carlo \(ELS-MIL\)" <C.Tormene@address.com>
"Toombs Clara \(ELS-CAM\)" <C.Toombs@address.com>
"Tillier Gisela \(ELS-PAR\)" <g.tillier@address.com>
"Tickner Lisa \(ELSLON\)" <L.Tickner@address.com>
"Thorburn Lucy \(ELS\)" <L.Thorburn@address.com>
"Thoms Cindy A \(ELS-STL\)" <C.Thoms@address.com>
"Thirugnana Sambandam Sujatha \(ELS-CHN\)" <S.sambandam@address.com>
"Theron Shreve" <T.Shreve@address.com>
"Terheggen Philippe \(ELS\)" <P.Terheggen@address.com>
"Taylor Rob \(ELS-WID\)" <rob.taylor@address.com>
"Taylor Edward \(ELS\)" <E.Taylor@address.com>
"Taylor Alison \(ELS\)" <A.Taylor@address.com>
"Tan Pauline \(ELS-SNG\)" <P.Tan@address.com>
"Talley Cathy \(ELS-STL\)" <D.Talley@address.com>
"Talbott Louisa \(ELS\)" <L.Talbott@address.com>
"'Takahashi Masao \(ELS-TOK\)'" <M.Takahashi@address.com>
"Sutterlitte Peter \(ELS-MUN\)" <P.Sutterlitte@address.com>
"susanna garofalo" <s.garofalo@address.com>
"Sukumar Sukanthi \(ELS-CHN\)" <S.Sukumar@address.com>
"Sue Stiff" <s.stiff@address.com>
"Sucillon Nadine \(ELS-PAR\)" <n.sucillon@address.com>
"Succamore Cathy \(ELS-OXF\)" <C.Succamore@address.com>
"Studholme Alan \(ELS-OXF\)" <A.Studholme@address.com>
"Stuart Susan [ELS]" <S.Stuart@address.com>
"Strambini Tiziano \(ELS-MIL\)" <T.Strambini@address.com>
"Stinson Sloane \(ELS-SDG\)" <S.Stinson@address.com>
"Stewart Rachael \(ELS-WID\)" <R.Stewart@address.com>
"Stephanie Van Duin" <s.vanduin@address.com>
"Stein Joel \(ELS\)" <Joel.Stein@address.com>
"Steed Gareth \(ELS-OXF\)" <G.Steed@address.com>
"Stacey Dean \(ELS-OXF\)" <d.stacey@address.com>
"Stacey Penny" <stacey.penny@address.com>
"Srinivasan Janaki \(ELS-CHN\)" <J.Srinivasan@address.com>
"Smith Ian \(RE-OXF\)" <I.Smith@reedaddress.com>
"Smith Ian \(ELS-OXF\)" <I.Smith@address.com>
"Smith Darren \(ELS\)" <darren.smith@address.com>
"'Smeraldi Costanza \(ELS-MIL\)'" <C.Smeraldi@address.com>
"Slooten Johan van \(ELS\)" <J.Slooten@address.com>
"Skinner Patricia \(ELS-OXF\)" <P.Skinner@address.com>
"Sitton Kirsty \(ELS\)" <Kirsty.Sitton@address.com>
"Sinclair David [ELS]" <D.Sinclair@address.com>
"Sieg Nelson \(ELS\)" <N.Sieg@address.com>
"Sibson Martin \(ELS-CAM\)" <M.Sibson@address.com>
<si.lee@address.com>
"Shuet Kei Chueng" <S.Cheung@address.com>
"'Shoji Tomomi \(ELS-TOK\)'" <t.shoji@address.com>
"Sherman Andrea [ELS]" <A.Sherman@address.com>
"Sheila" <P.Mendiondo@address.comP.MendiondoP.Mendiondo>
"Sharkey Nancy \(ELS\)" <N.Sharkey@address.com>
"Seymour Drew \(ELS-CAM\)" <Drew.Seymour@address.com>
"Selebran Muriel \(ELS-PAR\)" <M.Selebran@address.com>
"Scott Joanne" <J.Scott2@address.com>
"Scias Benjamin \(ELS-PAR\)" <B.Scias@address.com>
"Schmidt Ulrike \(ELS-MUN\)" <U.Schmidt@address.com>
"Schepers Vicki \(ELS\)" <V.Schepers@address.com>
"Sasidharan Gopika \(ELS-CHN\)" <G.Sasidharan@address.com>
<s.hodgson@address.com>
"Russell Sarah [ELS]" <S.Russell@address.com>
"Russell Pat \(ELS-OXF\)" <py.russell@address.com>
"Russel Hannah Libya \(ELS-CHN\)" <H.RUSSEL@address.com>
"Rowe Hilary \(ELS\)" <H.Rowe@address.com>
"Rout Marie" <M.Rout2@address.com>
"Ross Samantha [ELS]" <S.Ross@address.com>
"Rose Fred \(ELS]" <F.Rose@address.com>
"Rosane Berman" <R.berman@address.com.br>
"Roopa Baliga" <r.baliga@address.com>
"Roloff Angie \(ELS-STL\)" <A.Roloff@address.com>
"Roldan Oscar \(ELS-BCL\)" <O.Roldan@address.com>
"Rodenhuis Joyce \(ELS\)" <J.Rodenhuis@address.com>
"Rockwood Camilla [ELS]" <C.Rockwood@address.com>
"Robertson Derek [ELS]" <D.Robertson2@address.com>
"Riley Emma \(ELS\)" <E.Riley@address.com>
"Riley Andrew \(ELS-OXF\)" <A.Riley@address.com>
"Ridge Yvonne \(ELS-CAM\)" <Y.Ridge@address.com>
"Richford Andy \(ELSLON\)" <A.Richford@address.com>
"Reuter Gabriele \(ELS-MUN\)" <G.Reuter@address.com>
"Reiter Conny \(ELS-MUN\)" <C.Reiter@address.com>
"Rajendran Mohanapriyan \(ELS-CHN\)" <M.Rajendran@address.com>
"Raduenz Dietmar \(ELS-MUN\)" <D.Raduenz@address.com>
<R.Voss@address.com>
<r.donaldson@address.com>
"Quigley Deirdre \(ELS-SHA\)" <d.quigley@address.com>
"Pym Chris \(ELS\)" <C.Pym@address.com>
"Pollard Sarah \(ELS\)" <S.Pollard@address.com>
"Pitt Heather \(ELS-SHA\)" <H.Pitt@address.com>
"Pinsard Luc \(ELS-PAR\)" <l.pinsard@address.com>
"Pietzsch Birgit \(ELS-MUN\)" <B.Pietzsch@address.com>
"Petra \(ELS-MUN\) Eichholz" <P.Eichholz@address.com>
"Perks Phil \(ELS-CAM\)" <P.Perks@address.com>
"Perez Lucia \(ELS-OXF\)" <l.perez@address.com>
"Perez Juncal \(ELS-BCL\)" <Juncal.Perez@address.com>
"Penney Stephen \(ELSLON\)" <S.Penney@address.com>
"Peggy Fagen" <P.Fagen@address.com>
"Pegg Stephen \(ELS\)" <S.Pegg@address.com>
"Patel Dharmendra \(ELS-STL\)" <D.Patel@address.com>
"Parry Matthew\(ELS\)" <M.Parry@address.com>
"Parkin Sarah \(ELS-OXF\)" <S.Parkin@address.com>
"Parker Clare \(ELS\)" <C.Parker@address.com>
"Palmer Megan \(ELS-OXF\)" <Me.Palmer@address.com>
"Palani Kirubhagaran \(ELS-CHN\)" <K.Palani@address.com>
<P.Adams@address.com>
"Ozols Inta \(ELS\)" <I.Ozols@address.com>
"'Ostime Ellie \(ELS\)'" <E.Ostime@address.com>
"Oakley Jane \(ELS\)" <Jane.Oakley@address.com>
"Novackova Vilma \(ELS\)" <v.novackova@address.com>
"Noland Sharon M \(ELS-STL\)" <S.Noland@address.com>
"Nithyanand Mahalakshmi \(ELS-CHN\)" <Ma.anand@address.com>
"Nikolai Tom \(ELS\)" <T.Nikolai@address.com>
"Nigen Michel \(ELS-PAR\)" <M.Nigen@address.com>
"Nicholls Michael \(ELS-OXF\)" <Mi.Nicholls@address.com>
"Ness Ricky [ELS]" <R.Ness@address.com>
"Natarajan Mohanambal  \(ELS-CHN\)" <M.NATARAJAN@address.com>
"Narup Tripp \(ELS\)" <T.Narup@address.com>
"Mutak Helena \(ELS\)" <H.Mutak@address.com>
"Murthy Karthikeyan \(ELS-CHN\)" <K.Murthy@address.com>
"Murphy Kimberly [ELS]" <K.Murphy@address.com>
"Munns Paul \(ELS\)" <P.Munns@address.com>
"Munn Elizabeth \(ELS\)" <E.Munn@address.com>
"Muirhead Rachael \(ELS-CAM\)" <R.Muirhead@address.com>
"Moyes David S \(RE-OXF\)" <d.moyes@reedaddress.com>
"Morton Christine \(ELS\)" <C.Morton@address.com>
"Morley Karen \(ELS-CAM\)" <K.Morley@address.com>
"Morellato Nathalie \(ELS-PAR\)" <n.morellato@address.com>
"Minor Cindy \(ELS\)" <C.Minor@address.com>
"Minihane Christine \(ELS-SDG\)" <C.Minihane@address.com>
"Mills Tracey \(ELS\)" <T.Mills@address.com>
"Miller Pat [ELS]" <P.Miller@address.com>
"Michele Ribatti" <m.ribatti@address.com>
=?iso-8859-1?Q?Methiviez=2C_Fran=E7oise_=28ELS-PAR=29?= <f.methiviez@address.com>
"Menzel Johannes \(ELSLON\)" <j.menzel@address.com>
"Mendiondo Patricia \(ELS-PAR\) \)" <P.Mendiondo@address.comP.Mendiondo@address.comP.Mendiondo>
"Mendiondo Patricia \(ELS-PAR\)" <P.Mendiondo@reedaddress.com>
"Mendiondo Patricia \(ELS-PAR\)" <P.Mendiondo@address.com>
"Membury Martin \(RE-OXF\)" <M.Membury@reedaddress.com>
"Membury Martin \(ELS\)" <M.Membury@address.com>
"Meloni Dolores \(ELS-PHI\)" <D.Meloni@address.com>
"Meireles Silene \(ELS\)" <s.meireles@address.com.br>
"McVeigh Tony \(ELS\)" <T.McVeigh@address.com>
"Mcneil Colin \(ELSLON\)" <Co.Mcneil@address.com>
"McLean Sue E \(ELS-OXF\)" <s.mclean@address.com>
"McKinlay Kerrie-Anne \(ELS-EDB\)" <K.McKinlay@address.com>
"Mason Kathryn \(ELS\)" <K.Mason@address.com>
"Masley Joseph \(ELS\)" <J.Masley@address.com>
"Marsollat Benoit \(ELS-PAR\)" <B.Marsollat@address.com>
"Mark ELS Lazenby" <MA.Lazenby@address.com>
"Marina Mirazon Jancso" <m.jancso@address.com.br>
"Marie Rout" <M.Rout@address.com>
=?iso-8859-1?Q?Marcio_Jos=E9_Salgado?= <m.salgado2@address.com.br>
"Maragioglio Nancy \(ELS\)" <N.Maragioglio@address.com>
"Makinster Barbara \(ELS\)" <B.Makinster@address.com>
"Majumder-Russell Dalia \(ELS\)" <d.majumder-russell@address.com>
"Maertz Elisabeth \(ELS-MUN\)" <E.Maertz@address.com>
"Macrae Fiona \(ELS\)" <F.Macrae@address.com>
"MacDonald Rory [ELS]" <R.MacDonald@address.com>
"Maaskant Jeroen \(ELS-WID\)" <J.Maaskant@address.com>
"LSM Shannon \(ELS\)" <lsm-shannon@address.com>
"Lowe Andrew \(ELS\)" <A.Lowe@address.com>
"Lord Peter \(ELS\)" <p.lord@address.com>
"Liebel Todd \(ELS\)" <T.Liebel@address.com>
"Lentaigne Veronique \(ELS-PAR\)" <v.lentaigne@address.com>
"Lelievre Gerard \(ELS\)" <g.lelievre@address.com>
"Leese Paul \(ELS\)" <P.Leese@address.com>
"Leber Jeffrey S \(ELS-STL\)" <J.Leber@address.com>
"Leach Naomi \(ELS\)" <N.Leach@address.com>
"Lawson Gemma \(ELS\)" <Ge.Lawson@address.com>
"Laurer Petra \(ELS-GER\)" <P.Laurer@address.com>
"Laurentius Teri \(ELS\)" <T.Laurentius@address.com>
"Lander Kim \(ELS-OXF\)" <K.Lander@address.com>
<L.Cook@address.com>
"Kruze Zoe \(ELS-OXF\)" <Z.Kruze@address.com>
"Kremer Michael \(\(ELS-STL\)\)" <M.Kremer@address.com>
"Kraus Marion \(ELS-MUN\)" <M.Kraus@address.com>
"Kraft Marie-Luise \(ELS-MUN\)" <M.Kraft@address.com>
"Kosel Christine \(ELS-MUN\)" <C.Kosel@address.com>
"Kopp Nicole \(ELS-MUN\)" <N.Kopp@address.com>
"Kling Heidi \(ELS-GER\)" <H.Kling@address.com>
"Kimber Tim \(ELS\)" <T.Kimber@address.com>
"Kendall Angela \(RE-OXF\)" <Angela.Kendall@reedaddress.com>
"Keegan Nina \(ELS\)" <N.Keegan@address.com>
"Kathy Brown" <kc.brown@address.com>
"Kanik Nil \(ELS-AMS\)" <N.Kanik@address.com>
<k.manson@address.com>
<k.jarvis@address.com>
"Jozwiak Christie \(ELS-WAL\)" <c.jozwiak@address.com>
"Joseph Poulouse \(ELS-CHN\)" <P.Joseph@address.com>
"Jordan Alison [ELS]" <a.jordan@address.com>
"Jones Sue \(RE-OXF\)" <s.jones@reedaddress.com>
"Jones Jayne \(ELS\)" <Ja.Jones@address.com>
"Johnston Fraser \(ELS-EDB\)" <Fr.Johnston@address.com>
"Johnston Christine \(ELS\)" <C.Johnston@address.com>
"Johnson Maggie \(ELS-OXF\)" <maggie.johnson@address.com>
"Johnson Brenda \(ELS\)" <B.Johnson@address.com>
"Jenkins Sandra \(ELS\)" <Sandra.Jenkins@address.com>
"Jehl Christine \(ELS-MUN\)" <C.Jehl@address.com>
"Jayachandran Surya Narayanan \(ELS-CHN\)" <S.Jayachandran@address.com>
"Jarvis Chris \(ELS\)" <C.Jarvis@address.com>
"Jakeman Sue C \(ELS-OXF\)" <S.Jakeman@address.com>
=?iso-8859-1?Q?Jacquet=2C_Marie-H=E9l=E8ne_=28ELS-PAR=29?= <M.Jacquet@address.com>
"Jacob Biju" <B.Jacob@address.com>
"Jackson Laura \(ELS-OXF\)" <L.Jackson@address.com>
"Iven Christoph \(ELS-GER\)" <C.Iven@address.com>
"Irvine Lori \(ELS\)" <L.Irvine@address.com>
"Ireland Annick \(ELS\)" <A.Ireland@address.com>
"Hutchins Claire \(ELS\)" <C.Hutchins@address.com>
"Hunter Laurence [ELS]" <L.Hunter@address.com>
"Hund Richard \(ELS\)" <R.Hund@address.com>
"Houston Michael [ELS]" <Mi.Houston@address.com>
"Horton Caroline \(ELS\)" <C.Horton@address.com>
"Honvo Didier \(ELS-PAR\)" <d.honvo@address.com>
"Hogeboom Rudi \(ELS\)" <R.Hogeboom@address.com>
"'Hodota Yasuhiro \(ELS-TOK\)'" <Y.Hodota@address.com>
"Hilton Mark \(ELS\)" <m.hilton@address.com>
"Hill Paul \(ESL-OXF\)" <P.Hill@address.com>
"Hersent Chantal \(ELS-PAR\)" <C.Hersent@address.com>
"Hendon Ro \(ELS\)" <R.Hendon@address.com>
"Heidi ELS Maxwell" <H.Maxwell@address.com>
"Hayes Jessica D \(ELS-PHI\)" <J.Hayes@address.com>
"Hawkins Adam \(ELS-CAM\)" <AD.Hawkins@address.com>
"Harvey Barrie \(ELS-OXF\)" <B.Harvey@address.com>
"Hartman Thomas V" <T.Hartman@address.com>
"Hartl Sibylle \(ELS-MUN\)" <S.Hartl@address.com>
"Hartenstine Clyde \(ELS\)" <C.Hartenstine@address.com>
"Harris Hazel \(ELS\)" <H.Harris@address.com>
"Hambly Cathy" <C.Hambly@address.com>
"Halterman Kirsty L \(ELS-OXF\)" <k.halterman@address.com>
"Halluin Robain \(ELS-PAR\)" <R.Halluin@address.com>
"Halley Ewan [ELS]" <E.Halley@address.com>
"Halasey Robert \(ELS-STL\)" <R.Halasey@address.com>
"Hager Todd \(ELS\)" <T.Hager@address.com>
"Hadingham Petra \(ELS\)" <p.hadingham@address.com>
<H.Champs@address.com>
"Gurrell Kevin \(ELS-WID\)" <K.Gurrell@address.com>
"Guest Kirsty \(ELS-EDB\)" <K.Guest@address.com>
"Groom Richard \(ELS-SYD\)" <R.Groom@address.com>
"Gray Charles \(ELS-EDB\)" <Ch.Gray@address.com>
"Grant Paul \(RE-OXF\)" <p.grant@reedaddress.com>
"Grant Paul \(ELS\)" <p.grant@address.com>
"Graham Pauline \(ELS-EDB\)" <PA.Graham@address.com>
"Graf Hildegard \(ELS-MUN\)" <H.Graf@address.com>
"Gore John \(ELS\)" <JM.Gore@address.com>
"Gonzalez Pat \(ELS\)" <S.P.Gonzalez@address.com>
"Gonzalez Dolores \(ELS\)" <d.gonzalez@address.com>
"Gill Andrew \(RE-OXF\)" <andrew.gill@reedaddress.com>
"Gaspard Stephanie \(ELS-PAR\)" <S.Gaspard@address.com>
"Gascon Alberto \(ELS-BCL\)" <A.Gascon@address.com>
"Garnier Josiane \(ELS-PAR\)" <J.Garnier@address.com>
"Gardiner Wendy [ELS]" <W.Gardiner@address.com>
"Garcia Angel \(ELS\)" <a.garcia@address.com>
"Galloway Evelyn \(ELS\)" <E.Galloway@address.com>
"Gallart Maria\(ELS-JHL\)" <M.Gallart@address.com>
"Gago Toni \(ELS-BCL\)" <T.Gago@address.com>
"Funke Doris \(ELS-JHL\)" <d.funke@address.com>
"Funk Kirsten \(ELS\)" <K.Funk@address.com>
"Fucht Rob van \(ELS\)" <R.Fucht@address.com>
"Fuchs Theresa \(ELS\)" <T.Fuchs@address.com>
"Fraser Duncan \(ELS\)" <D.Fraser@address.com>
"Fran ELS Harris" <F.Harris@address.com>
=?iso-8859-1?Q?Flobert=2C_Herv=E9_=28ELS-PAR=29?= <H.Flobert@address.com>
"Fleming David \(ELS\)" <D.Fleming@address.com>
"Fisher Williams Joy \(ELS-BUR\)" <j.fisherwilliams@address.com>
"Filippelli Rosina \(RE-OXF\)" <r.filippelli@reedaddress.com>
"Filippelli Rosina \(ELS\)" <r.filippelli@address.com>
"Ferrari Susan [ELS]" <S.Ferrari@address.com>
"Faustino Garcia Redondo \(ELS-MAD\)" <F.Redondo@address.com>
"Famigli Daniela \(ELS-MIL\)" <d.famigli@address.com>
"Fam Paul \(ELS\)" <P.Fam@address.com>
"Falvey Tom \(ELS\)" <T.Falvey@address.com>
"Falls Connie D \(ELS-STL\)" <C.Falls@address.com>
"Fairman Gareth \(ELS\)" <G.Fairman@address.com>
=?iso-8859-1?Q?Fabre=2C_Fr=E9d=E9ric_=28ELS-PAR=29?= <f.fabre@address.com>
"Everest Lucy \(ELS\)" <L.Everest@address.com>
"England Victoria \(ELS\)" <V.England@address.com>
"Endacott Melissa \(ELS-OXF\)" <M.Endacott@address.com>
"Edworthy David \(ELS\)" <D.Edworthy@address.com>
"East Karen \(ELS-OXF\)" <Karen.East@address.com>
"Dwars Kerri E \(ELS-STL\)" <k.dwars@address.com>
"Dunwell Nick \(ELS-CAM\)" <N.Dunwell@address.com>
"Duncan Joannah \(ELS-EDB\)" <J.Duncan@address.com>
"Drnec Mark J \(ELS-STL\)" <M.Drnec@address.com>
"Dreibelbis Dana \(ELS-PHI\)" <D.Dreibelbis@address.com>
"Dingwall Jane \(ELS-EDB\)" <J.Dingwall@address.com>
"Dickie Anne [ELS]" <A.Dickie@address.com>
"Desperrois Brigitte \(ELS-PAR\)" <B.DESPERROIS@address.com>
"Denholm Linsey [ELS]" <L.Denholm@address.com>
"Demming Christiaan \(ELS\)" <C.Demming@address.com>
"Delclos Cecile \(ELS-BCL\)" <c.delclos@address.com>
"DeCicco Eric [ELS]" <E.DeCicco@address.com>
"Debreczeni Melinda \(ELS-OXF\)" <M.Debreczeni@address.com>
"Dean Morven \(ELS\)" <M.Dean@address.com>
"Davoli Anna \(ELS-PAR\)" <A.Davoli@address.com>
"Dauntess Priya \(ELS-CHN\)" <P.Dauntess@address.com>
"Dario Garberi" <d.garberi@address.com>
"Dahl Birgit \(RE-OXF\)" <B.Dahl@reedaddress.com>
"Dahl Birgit \(ELS-GER\)" <B.Dahl@address.com>
"Curran Carol \(ELS\)" <c.curran@address.com>
"Cuello Andre \(ELS\)" <A.Cuello@address.com>
"'Cudjoe Camilla\(ELS-EDB\)'" <C.Cudjoe@address.com>
"Coupechoux Sylvie \(ELS-PAR\)" <S.Coupechoux@address.com>
"Cotner Mary \(ELS\)" <M.Cotner@address.com>
"Corbani Renata \(ELS\)" <R.Corbani@address.com>
"Conner Mara \(ELS\)" <M.Conner@address.com>
"Conner Eye-Liza \(ELS-CON\)" <e.conner@address.com>
"Collett Anne \(ELS-OXF\)" <a.collett@address.com>
"Colin Gregg \(ELS\)" <g.colin@address.com>
"Colin McEwan" <C.McEwan@address.com>
"Colaco Mafalda \(ELS-PAR\)" <M.Colaco@address.com>
"Cockrell Caroline \(ELS-EDB\)" <C.Cockrell@address.com>
"Class Richard  \(ELS-BRW\)" <R.Class@address.com>
"Clark Debbie \(ELS\)" <D.Clark@address.com>
"Chrystal Paul \(ELS\)" <P.Chrystal@address.com>
"Christopher Beula \(ELS-CHN\)" <B.Christopher@address.com>
"Chotel Isabelle \(ELS-PAR\)" <I.Chotel@address.com>
"Chapman Andy \(ELS\)" <A.Chapman@address.com>
"Chandramohan Paul Prasad \(ELS-CHN\)" <P.Chandramohan@address.com>
"Chan Elaine \(ELS-HKG\)" <E.Chan@address.com>
"Chabert Muriel \(ELS-PAR\)" <m.chabert@address.com>
"Castiglione Walter \(ELS-MIL\)" <W.Castiglione@address.com>
"Carter Nicky \(ELS-OXF\)" <N.Carter@address.com>
"Carroll Cathy \(ELS\)" <C.Carroll@address.com>
"Carr Megan \(ELS\)" <ME.Carr@address.com>
"Carpenter Phil \(ELS\)" <P.Carpenter@address.com>
"'Carlos Santos'" <c.santos@address.com.br>
<C.Blauvelt@address.com>
"Bushman Mary E \(ELS-STL\)" <M.Bushman@address.com>
"Burke Shelley \(ELS\)" <S.Burke@address.com>
"Bryant Pat \(ELS\)" <P.Bryant@address.com>
"Brown Kirsty \(ELS\)" <Kirsty.Brown@address.com>
"Broderick Tari \(ELS\)" <T.Paschall@address.com>
"Brejon Fabrice \(ELS-PAR\)" <F.Brejon@address.com>
"Breckwoldt Teresa \(ELS\)" <T.Breckwoldt@address.com>
"Brandt Linda \(ELS-STL\)" <L.Brandt@address.com>
"Boonen Eveline \(ELS-PHI\)" <E.Boonen@address.com>
"Boon Lucy \(ELS-OXF\)" <L.Boon@address.com>
"Blow Eleanor \(ELS-JHL\)" <E.Blow@address.com>
"Blanchet Anne-Claire \(ELS-PAR\)" <A.Blanchet@address.com>
"Bielli Giorgio \(ELS-MIL\)" <G.Bielli@address.com>
"Beschastnov Igor \(ELS-WRO\)" <I.Beschastnov@address.com>
"Berkhemer Lennart \(ELS - AMS\)" <L.Berkhemer@address.com>
"Benson Kim \(ELS\)" <Kim.Benson@address.com>
"Belfus Linda \(ELS\)" <L.Belfus@address.com>
"Basak Saikat \(ELS-REM\)" <S.Basak@address.com>
"Barr Cate [ELS]" <C.Barr@address.com>
"Barker Vicky \(ELS\)" <MRW.VBarker@address.com>
"Barber Michael \(ELS\)" <M.Barber@address.com>
"Baranoff Bonnie \(ELS\)" <B.Baranoff@address.com>
"Banach Kristin \(ELS\)" <K.Banach@address.com>
"Bala Parvathy \(ELS-CHN\)" <P.Bala@address.com>
"Baier Erika \(ELS-GER\)" <E.Baier@address.com>
"BabuSivakumar Mageswaran \(ELS-CHN\)" <M.BabuSivakumar@address.com>
"Aureovaldo da Silva Lino" <a.lino@address.com.br>
"Athmanathan Nayagi \(ELS-CHN\)" <N.Athmanathan@address.com>
"Ashmore Alison [ELS]" <A.Ashmore@address.com>
"Arthur Colin [ELS]" <C.Arthur@address.com>
"Arnold Antje \(ELS-MUN\)" <A.Arnold@address.com>
"Arkel Meeuwis Van \(ELS-PHI\)" <M.Arkel@address.com>
"Anuels Joan MJO \(ELS-AMS\)" <J.Anuels@address.com>
"Antonaccio Adriana \(ELS-RIO\)" <A.Antonaccio@address.com>
"Anthony" <A.Prukar@address.com>
"Annie Martin" <an.martin@address.com>
"Altepeter Anne \(ELS-STL\)" <A.Altepeter@address.com>
"Alphonse Andrea \(ELS\)" <A.Alphonse@address.com>
"Allen Graham \(ELS\)" <g.allen@address.com>
"'Alberto Moszkowicz'" <a.moszkowicz@address.com.br>
"Albers Spierings Irma IE \(ELS-AMS\)" <I.AlbersSpierings@address.com>
"Alam Kamran \(ELS-DEL\)" <K.Alam@address.com>
"Ajayi George [ELS]" <G.Ajayi@address.com>
<A.Palfreyman2@address.com>
